"productId"	"displayName"	"purchasedTime"	"isHidden"	"tags"
"105778"	"[Graphy] - Ultimate FPS Counter - Stats Monitor & Debugger"	"2024-02-21T02:23:47Z"	"False"	""
"161617"	"[Legacy] Impact - Physics Interaction System"	"2021-09-17T15:26:19Z"	"False"	""
"235372"	"10+ Free Realistic Nature Textures - Forest, Desert, Arctic & More"	"2022-11-12T18:13:05Z"	"False"	""
"171146"	"100 Special Skills Effects Pack"	"2022-03-27T04:06:11Z"	"False"	""
"233672"	"101 Artistic Noise Textures"	"2022-11-12T18:12:34Z"	"False"	""
"235190"	"110+ Realistic Forest Environment Textures - Grass, Dirt & More"	"2026-06-05T14:42:20Z"	"False"	""
"240323"	"25+ Free Realistic Textures - Nature, City, Home, Construction & More"	"2026-06-05T14:44:10Z"	"False"	""
"241895"	"25+ Free Stylized Textures - Grass, Ground, Floors, Walls & More"	"2026-06-05T14:43:51Z"	"False"	""
"188715"	"2D Pixel Unit Maker - SPUM"	"2025-07-04T01:43:42Z"	"False"	""
"11228"	"2D Platformer"	"2014-11-01T19:44:08Z"	"False"	""
"182142"	"2D Soft Body"	"2023-12-08T20:16:39Z"	"False"	""
"25933"	"2DDL Pro : 2D Dynamic Lights and Shadows"	"2015-05-15T11:27:51Z"	"False"	""
"3787"	"2DVLS"	"2013-11-26T12:35:32Z"	"False"	""
"235367"	"350+ Realistic Nature Textures Megapack - Forest, Desert, Arctic & More"	"2026-06-01T17:28:08Z"	"False"	""
"282104"	"3D Characters - Fish"	"2025-07-02T13:44:38Z"	"False"	""
"85732"	"3D Free Modular Kit"	"2018-09-10T04:51:05Z"	"False"	""
"121447"	"3D Scifi Kit Vol 3"	"2021-09-17T15:26:19Z"	"False"	""
"43044"	"40 CG Sci-Fi Effects Pack"	"2015-10-21T11:25:41Z"	"False"	""
"207720"	"400 Low Poly RPG Weapons"	"2022-03-24T16:17:19Z"	"False"	""
"163280"	"5000 Fantasy Icons"	"2025-07-02T13:44:38Z"	"False"	""
"278148"	"6000 Fantasy Icons"	"2025-07-02T13:44:38Z"	"False"	""
"229460"	"6200 Fantasy RPG Icons Pack"	"2024-05-15T16:46:25Z"	"False"	""
"177411"	"7 Cars Pack"	"2022-06-21T00:35:29Z"	"False"	""
"235189"	"70+ Realistic Mountain Environment Textures - Cliff, Rock & More"	"2026-06-05T14:42:21Z"	"False"	""
"235191"	"80+ Realistic Desert Environment Textures - Sand, Rocks & More"	"2026-06-05T14:42:21Z"	"False"	""
"235187"	"90+ Realistic Arctic Environment Textures - Snow, Ice & More"	"2026-06-05T14:42:21Z"	"False"	""
"185157"	"96 General Library (Free Sample Pack)"	"2022-03-28T03:59:53Z"	"False"	""
"102503"	"9t5 Low Poly Playground"	"2022-03-24T13:28:36Z"	"False"	""
"87744"	"A* Pathfinding Project Pro"	"2022-04-24T18:36:17Z"	"False"	""
"1876"	"A* Pathfinding Project Pro"	"2013-09-09T22:01:47Z"	"False"	""
"15429"	"Acoustic Guitar Loop"	"2014-10-18T14:23:55Z"	"False"	""
"12359"	"Action Game Kit (v1.5)"	"2014-04-29T11:53:26Z"	"False"	""
"3763"	"Action RPG Characters"	"2013-11-17T02:19:37Z"	"False"	""
"210228"	"Advanced Cable Creator"	"2024-09-05T14:44:35Z"	"False"	""
"103151"	"Advanced Foliage Pack 2.0"	"2025-07-02T13:44:38Z"	"False"	""
"2680"	"Advanced Terrain Shaders v2"	"2014-10-15T23:23:58Z"	"False"	""
"21296"	"Adventure Game Music Pack"	"2022-04-02T23:06:33Z"	"False"	""
"239233"	"Agents Navigation"	"2023-01-21T20:10:19Z"	"False"	""
"270598"	"Agents Navigation - Crowds"	"2025-07-30T19:24:37Z"	"False"	""
"229578"	"AI Tree - Behavior Trees for Unity"	"2023-02-19T03:49:19Z"	"False"	""
"1415"	"Airstream Substance Showcase"	"2012-04-22T19:05:36Z"	"False"	""
"162772"	"ALINE"	"2025-11-30T11:30:11Z"	"False"	""
"206665"	"All In 1 Vfx Toolkit"	"2022-04-02T23:06:32Z"	"False"	""
"10109"	"AllSky - 220+ Sky / Skybox Set"	"2014-01-06T12:51:21Z"	"False"	""
"221227"	"Altos - Volumetric Clouds, Skybox, and Weather for Unity URP"	"2025-02-18T20:12:55Z"	"False"	""
"142132"	"Ambient Sounds - Interactive Soundscapes for Unity 6"	"2025-05-05T21:52:16Z"	"False"	""
"207911"	"Amplify Animation Pack"	"2022-03-24T13:04:44Z"	"False"	""
"202484"	"Amplify Shader Pack"	"2024-05-15T16:46:11Z"	"False"	""
"263161"	"Ancient City Ruins"	"2024-05-15T16:46:24Z"	"False"	""
"148877"	"Animal Controller (Malbers Character Controller)"	"2023-01-15T01:13:40Z"	"False"	""
"293522"	"Animancer Pro v8"	"2024-12-27T04:25:37Z"	"False"	""
"132915"	"Animated Hands with Weapons Pack"	"2021-09-17T15:26:19Z"	"False"	""
"210513"	"Animation Designer"	"2025-07-25T16:12:25Z"	"False"	""
"305728"	"Anime Powers Pack"	"2025-12-10T21:58:51Z"	"False"	""
"213200"	"AnyPath"	"2023-12-08T20:16:39Z"	"False"	""
"17943"	"Apex Path"	"2015-11-05T19:41:15Z"	"False"	""
"264702"	"Apocalyptic Hospital"	"2025-12-23T18:25:41Z"	"False"	""
"201270"	"Archer's Animations"	"2026-08-11T03:42:45Z"	"False"	""
"59733"	"Archimatix Pro"	"2022-05-04T20:38:59Z"	"False"	""
"18445"	"ArcReactor Rays Generator"	"2014-10-25T13:32:53Z"	"False"	""
"213957"	"ARPG Samurai"	"2022-05-01T00:37:08Z"	"False"	""
"341008"	"Artificer"	"2026-06-01T17:28:07Z"	"False"	""
"275998"	"Asian Temple Pack"	"2025-12-23T18:25:05Z"	"False"	""
"203496"	"Asset Cleaner"	"2022-04-08T17:34:08Z"	"False"	""
"167990"	"Asset Cleaner PRO - Clean | Find References"	"2022-10-24T16:05:23Z"	"False"	""
"135296"	"Asset Hunter PRO"	"2022-04-18T03:40:14Z"	"False"	""
"226927"	"Asset Inventory"	"2022-10-24T16:05:29Z"	"False"	""
"275893"	"Asset Inventory 2"	"2025-05-08T14:58:24Z"	"False"	""
"308224"	"Asset Inventory 3"	"2025-08-13T17:18:53Z"	"False"	""
"349582"	"Asset Inventory 4"	"2026-06-14T14:28:01Z"	"False"	""
"314941"	"AudioClip Editor: Multi-Clip Volume, Trim & Fade"	"2025-04-27T16:13:28Z"	"False"	""
"137148"	"Aura 2 - Volumetric Lighting & Fog"	"2022-04-02T23:06:32Z"	"False"	""
"165863"	"Aurora FPS Engine"	"2024-05-15T16:46:12Z"	"False"	""
"23201"	"Auto Fence & Wall Builder"	"2022-07-20T19:01:18Z"	"False"	""
"198996"	"Background Effects"	"2024-05-15T16:46:20Z"	"False"	""
"184710"	"Badlands Music Pack 3"	"2022-03-27T04:06:11Z"	"False"	""
"122218"	"Bakery - GPU Lightmapper"	"2021-09-08T14:52:10Z"	"False"	""
"251081"	"Ballistics 2025"	"2024-05-15T16:46:13Z"	"False"	""
"190093"	"Bard's Tales - Peaceful Harp Music Pack"	"2022-05-12T22:41:10Z"	"False"	""
"189511"	"Battle Royale Hero PBR"	"2023-02-03T17:26:05Z"	"False"	""
"261241"	"Battleships 2"	"2025-07-02T13:44:38Z"	"False"	""
"13625"	"BeholdR - Image Effects Toolbox"	"2015-06-05T11:26:58Z"	"False"	""
"267636"	"Best HTTP"	"2024-05-15T16:46:15Z"	"False"	""
"329232"	"Better Animation Events"	"2025-12-10T21:58:47Z"	"False"	""
"178575"	"Better Editor 2 Pack - Your Future Editor, Today"	"2024-05-15T16:46:09Z"	"False"	""
"215491"	"Better Gizmos"	"2023-02-19T03:49:22Z"	"False"	""
"79031"	"Better UI"	"2022-09-14T18:03:47Z"	"False"	""
"67819"	"Bio IK"	"2018-08-11T21:38:33Z"	"False"	""
"25576"	"Bird Flock Bundle"	"2022-04-17T15:00:25Z"	"False"	""
"4022"	"Bird Flock Crow (Legacy)"	"2014-10-31T11:35:58Z"	"False"	""
"15567"	"BIRDS PACK"	"2022-09-10T00:32:26Z"	"False"	""
"194525"	"Blaze AI Engine"	"2022-10-24T16:05:30Z"	"False"	""
"28238"	"Blend Modes"	"2015-05-15T11:26:07Z"	"False"	""
"201602"	"Blocks Engine 2"	"2022-09-14T18:03:47Z"	"False"	""
"295450"	"Blood Effects Pack"	"2025-07-02T13:44:38Z"	"False"	""
"319751"	"Body Poser - It's dead simple"	"2025-12-10T21:58:48Z"	"False"	""
"135594"	"Boing Kit: Dynamic Bouncy Bones, Grass, and More"	"2022-09-10T00:32:26Z"	"False"	""
"163802"	"Bolt | Now is Unity Visual Scripting & is built-in to Unity 2021 & newer"	"2022-03-28T02:04:14Z"	"False"	""
"122233"	"Bones Stimulator"	"2022-09-14T18:03:47Z"	"False"	""
"1376"	"Bootcamp"	"2012-04-19T00:21:40Z"	"False"	""
"18364"	"Breadcrumb Ai"	"2018-08-12T16:36:42Z"	"False"	""
"121853"	"Broccoli Tree Creator"	"2022-09-14T18:03:47Z"	"False"	""
"192388"	"Brute Force - Grass Shader"	"2021-09-08T14:52:10Z"	"False"	""
"221389"	"Brute Force - Snow & Ice Shader"	"2022-09-10T00:32:26Z"	"False"	""
"301858"	"Cable System Physics"	"2025-12-10T21:58:40Z"	"False"	""
"61615"	"Car Script basic"	"2018-09-22T21:53:52Z"	"False"	""
"10"	"Car Tutorial (Unity 3.x only)"	"2014-01-25T19:32:46Z"	"False"	""
"311449"	"Card Visual Effects Pack"	"2025-12-10T21:58:43Z"	"False"	""
"40453"	"Cartoon City Builder"	"2015-12-21T17:51:10Z"	"False"	""
"23634"	"Cartoon FX 4 Remaster"	"2025-07-02T13:44:38Z"	"False"	""
"307044"	"Cartoon FX Pack 3D"	"2025-12-10T21:58:45Z"	"False"	""
"4010"	"Cartoon FX Remaster"	"2023-02-03T17:26:04Z"	"False"	""
"48850"	"Cartoon GUI Pack"	"2025-07-04T01:43:47Z"	"False"	""
"34253"	"Cartoon Low Poly Pack"	"2015-08-24T11:34:06Z"	"False"	""
"168856"	"Cartoon Vehicles Full Pack - Low Poly Cars (80 Cars)"	"2022-06-21T00:35:29Z"	"False"	""
"160915"	"Casual Music Pack Vol 1"	"2023-02-03T17:25:59Z"	"False"	""
"52739"	"CCG Kit"	"2022-09-14T18:03:47Z"	"False"	""
"159150"	"Character Controller Pro"	"2025-02-18T20:12:51Z"	"False"	""
"111398"	"Character Creator 2D"	"2022-09-10T00:32:26Z"	"False"	""
"144966"	"Character Movement Fundamentals"	"2021-09-17T15:26:19Z"	"False"	""
"38412"	"City & Terrace Pack"	"2022-03-27T04:06:10Z"	"False"	""
"180722"	"City Builder: Urban"	"2024-05-15T16:46:12Z"	"False"	""
"98117"	"Clean Flat Icons"	"2022-04-02T23:06:32Z"	"False"	""
"112869"	"Clean Title Transitions - Pro"	"2020-06-11T17:30:50Z"	"False"	""
"194408"	"Cloth Dynamics"	"2024-06-23T00:33:59Z"	"False"	""
"203672"	"Clothing Culler"	"2024-09-05T14:44:38Z"	"False"	""
"309282"	"Code Monkey Toolkit"	"2025-03-19T16:21:30Z"	"False"	""
"216385"	"Colored Hierarchy Headers"	"2022-05-23T17:35:12Z"	"False"	""
"3842"	"Colorful FX"	"2015-05-13T11:12:05Z"	"False"	""
"88190"	"Colossal Game Music Collection"	"2021-09-17T15:26:19Z"	"False"	""
"66826"	"Combat Framework"	"2022-10-24T16:05:15Z"	"False"	""
"284695"	"Combat Magic Spells - Bundle"	"2025-05-08T15:21:32Z"	"False"	""
"252009"	"Complete Bundle - Fantasy Action RPG Music"	"2024-01-29T21:48:54Z"	"False"	""
"212478"	"Component Names"	"2022-10-24T16:05:16Z"	"False"	""
"192549"	"Conversa Dialogue System"	"2023-12-08T20:16:39Z"	"False"	""
"215287"	"Conversation Gestures Pack - SS Mocap"	"2022-04-08T17:34:08Z"	"False"	""
"153595"	"Corals"	"2022-03-27T04:06:10Z"	"False"	""
"36545"	"Crafting Mecanim Animation Pack"	"2022-03-27T04:06:09Z"	"False"	""
"320364"	"Crates & Barrels - Stylized Destructible Props"	"2025-12-10T21:58:52Z"	"False"	""
"189825"	"Creature Animations"	"2022-03-24T04:55:26Z"	"False"	""
"252194"	"Crest Water 4 BIRP (Ocean, Rivers & Lakes)"	"2025-02-18T20:12:53Z"	"False"	""
"86716"	"CScape City System"	"2021-09-17T15:26:19Z"	"False"	""
"7173"	"CuRSe: Collision Reaction System"	"2014-02-11T23:28:01Z"	"False"	""
"1737"	"Custom Character w\ Substance"	"2012-04-22T19:03:30Z"	"False"	""
"96976"	"Cute Pet"	"2024-09-05T14:44:39Z"	"False"	""
"239488"	"Cute UI & Interact Sound Effects Pack"	"2023-02-03T17:25:58Z"	"False"	""
"120137"	"cyberpunk - Cyber City (HDRP + BIP)"	"2025-07-02T13:44:38Z"	"False"	""
"330638"	"Cyber-town"	"2025-12-23T18:25:05Z"	"False"	""
"14008"	"Dark Cinematic BGM Loops"	"2014-03-29T13:43:15Z"	"False"	""
"155143"	"Dark Fantasy Gigantic Environment"	"2021-09-08T14:52:10Z"	"False"	""
"123894"	"Dark Fantasy Kit"	"2021-09-08T14:52:10Z"	"False"	""
"203384"	"Death Animations"	"2022-03-24T04:55:26Z"	"False"	""
"320572"	"DECAL COLLIDER – Ultimate Runtime Mesh & Collision Decals"	"2025-12-10T21:58:49Z"	"False"	""
"282879"	"Decal Splines"	"2025-02-16T04:56:09Z"	"False"	""
"293468"	"Decalery"	"2025-02-18T20:12:51Z"	"False"	""
"273859"	"Decay: Oil Drums District"	"2025-12-23T18:25:41Z"	"False"	""
"251738"	"DeepVoice AI - Text To Voice"	"2023-09-20T15:18:09Z"	"False"	""
"324812"	"Depth Based Pixelator - Pixelize Your 3D Scenes"	"2025-12-10T21:58:39Z"	"False"	""
"194885"	"Desert Environment - Town & Palace | CITADEL"	"2021-09-17T15:26:19Z"	"False"	""
"18811"	"DestroyIt - Destruction System"	"2022-09-14T18:03:47Z"	"False"	""
"330517"	"Destructible Sprite Toolkit – Cut & Break 2D"	"2025-12-10T21:58:50Z"	"False"	""
"156457"	"DETAILED - Medieval Village"	"2022-03-27T04:06:10Z"	"False"	""
"1"	"Detonator Explosion Framework"	"2014-01-25T19:32:59Z"	"False"	""
"176107"	"DevTex: Prototyping Textures"	"2025-07-12T20:09:34Z"	"False"	""
"291626"	"DevTrails - Developer Statistics Made Easy"	"2025-12-10T21:58:55Z"	"False"	""
"19344"	"DFVoice - Voice Chat (VoIP) Solution"	"2014-09-15T00:54:47Z"	"False"	""
"218635"	"Dialogue 2 | Game Creator 2"	"2022-10-10T15:22:00Z"	"False"	""
"222285"	"Dialogue Anims"	"2022-12-31T04:57:42Z"	"False"	""
"11672"	"Dialogue System for Unity"	"2022-09-14T18:03:47Z"	"False"	""
"165"	"Dice Pack Light"	"2014-04-16T02:02:00Z"	"False"	""
"240467"	"Dissolve FX: Master Kit"	"2024-07-21T17:51:30Z"	"False"	""
"138361"	"DoozyUI: Complete UI Management System"	"2020-01-02T16:21:39Z"	"False"	""
"27676"	"DOTween (HOTween v2)"	"2024-02-21T02:24:28Z"	"False"	""
"32416"	"DOTween Pro"	"2022-03-29T21:17:54Z"	"False"	""
"231178"	"Dragon Crashers - UI Toolkit Sample project"	"2025-09-16T14:55:40Z"	"False"	""
"45330"	"Dragons - Fantasy RPG - Customizable Dragon Pack"	"2025-07-02T13:44:38Z"	"False"	""
"246836"	"Draw XXL"	"2025-07-02T13:44:38Z"	"False"	""
"205065"	"Dreamscape Nature : Campsite - Stylized Open World Environment"	"2026-08-11T01:03:45Z"	"False"	""
"186894"	"Dreamscape Nature : Meadows : Stylized Open World Environment"	"2022-03-27T04:06:11Z"	"False"	""
"232630"	"Dreamscape Nature Bundle - Stylized Open World Environment"	"2022-12-31T02:24:09Z"	"False"	""
"264352"	"Dreamscape Nature Mountains - Stylized Open World Environment"	"2026-08-11T01:02:34Z"	"False"	""
"247583"	"Dreamscape Nature Tower - Stylized Fantasy Open World"	"2026-08-11T01:04:25Z"	"False"	""
"61926"	"Dreamteck Splines"	"2021-09-08T14:52:10Z"	"False"	""
"235922"	"Dungeon Crawler Grid Controller"	"2024-05-15T16:46:08Z"	"False"	""
"16743"	"Dynamic Bone"	"2022-04-26T04:55:42Z"	"False"	""
"249402"	"Dynamic Mesh Combiner"	"2023-12-08T20:16:39Z"	"False"	""
"235818"	"Dynamic Portals"	"2023-01-21T20:10:21Z"	"False"	""
"147990"	"Dynamic Water Physics 2"	"2022-04-02T23:06:32Z"	"False"	""
"147893"	"E2Chart"	"2022-10-24T16:05:22Z"	"False"	""
"64781"	"EASY AI FOR PLAYMAKER"	"2018-08-12T16:53:27Z"	"False"	""
"186580"	"Easy AR : Make Awesome AR Apps Without Coding"	"2023-01-21T20:07:30Z"	"False"	""
"57985"	"Easy Character Movement"	"2023-02-03T17:26:02Z"	"False"	""
"193614"	"Easy Character Movement 2"	"2025-07-18T17:42:06Z"	"False"	""
"81608"	"Easy Feedback Form"	"2023-12-08T20:16:39Z"	"False"	""
"239234"	"Easy Grid Builder Pro"	"2023-02-19T06:28:36Z"	"False"	""
"153343"	"Easy Minimap System MT - GPS, Radar, Worldmap, Fog of War & More"	"2025-02-18T20:12:45Z"	"False"	""
"11889"	"Editor Console Pro"	"2021-09-08T14:52:10Z"	"False"	""
"251318"	"Editor Enhancers Bundle"	"2023-12-08T20:16:39Z"	"False"	""
"403"	"Edy's Vehicle Physics"	"2014-05-10T12:43:33Z"	"False"	""
"298297"	"Elven Oak Village"	"2025-12-23T18:25:41Z"	"False"	""
"134213"	"EndlessBook"	"2022-04-02T23:06:32Z"	"False"	""
"211406"	"Enemy Golem"	"2024-05-15T16:46:17Z"	"False"	""
"123836"	"ENGINES"	"2018-09-23T01:50:33Z"	"False"	""
"36378"	"EnhancedScroller"	"2015-09-15T11:40:33Z"	"False"	""
"206800"	"Environment / Weather / Nature VFX pack"	"2025-02-16T04:56:02Z"	"False"	""
"3082"	"Epic Battles Free Version"	"2012-04-22T19:20:26Z"	"False"	""
"157651"	"Epic Toon VFX 2"	"2022-06-21T00:35:30Z"	"False"	""
"65780"	"Eternal Temple"	"2022-09-10T00:32:26Z"	"False"	""
"45205"	"Everloop: Nonlinear Soundtrack"	"2022-03-27T04:06:09Z"	"False"	""
"116611"	"Everyday Motion Pack"	"2025-07-02T13:44:38Z"	"False"	""
"270068"	"Everything Bundle SFX 2023"	"2024-02-20T23:20:12Z"	"False"	""
"150867"	"EXPLORER - Stone Age"	"2026-07-30T22:24:44Z"	"False"	""
"235062"	"Exporter for Unreal to Unity 2023"	"2023-01-21T20:07:25Z"	"False"	""
"266820"	"Exporter for Unreal to/for Unity 2024"	"2024-05-15T16:46:17Z"	"False"	""
"157735"	"Extenject Dependency Injection IOC"	"2022-04-02T23:22:44Z"	"False"	""
"2"	"Extra GUI Skins"	"2012-04-21T23:21:09Z"	"False"	""
"8622"	"Extreme Flora Pack"	"2014-01-15T13:51:22Z"	"False"	""
"10471"	"Extreme Road Pack"	"2014-01-15T13:51:22Z"	"False"	""
"8709"	"Extreme Street Pack"	"2014-01-15T13:51:22Z"	"False"	""
"8344"	"Extreme Vehicle Pack"	"2014-01-15T13:51:22Z"	"False"	""
"213605"	"EzCloud - The Complete Cloud Solution for Unity"	"2023-12-08T20:16:39Z"	"False"	""
"274837"	"F Texture Tools"	"2024-01-29T21:11:49Z"	"False"	""
"150447"	"FANTASTIC - Nature Pack"	"2024-09-05T14:44:38Z"	"False"	""
"323176"	"FANTASTIC - Seaside Town"	"2026-06-01T17:28:06Z"	"False"	""
"70354"	"Fantasy Adventure Environment"	"2021-09-08T14:52:10Z"	"False"	""
"196349"	"Fantasy Ambience Sounds Pack"	"2021-09-08T14:52:10Z"	"False"	""
"3088"	"Fantasy Fanfare Victory"	"2012-04-22T19:08:15Z"	"False"	""
"34245"	"Fantasy Forest Environment"	"2025-02-16T04:56:05Z"	"False"	""
"330819"	"Fantasy Gothic Pack"	"2025-12-23T18:25:24Z"	"False"	""
"133881"	"Fantasy Hex Tiles + Decorations"	"2022-06-21T00:35:30Z"	"False"	""
"197927"	"Fantasy Kingdom - Spawner Pack for ""POLYGON Fantasy Kingdom"""	"2024-01-30T03:54:59Z"	"False"	""
"298128"	"Fantasy Kingdom in Unity 6 | URP"	"2024-10-18T19:51:19Z"	"False"	""
"213593"	"Fantasy Map Creator"	"2022-04-02T23:06:32Z"	"False"	""
"169581"	"Fantasy Portal FX"	"2022-07-20T19:01:11Z"	"False"	""
"238149"	"Fantasy RPG Orchestral Game Music Pack"	"2023-01-22T20:57:26Z"	"False"	""
"193760"	"Fantasy Sounds Bundle"	"2021-09-08T14:52:10Z"	"False"	""
"64604"	"Farland Skies - Low Poly"	"2022-06-21T00:35:29Z"	"False"	""
"179750"	"Farm Animal Sounds"	"2022-03-27T04:06:09Z"	"False"	""
"239351"	"Fast Script Reload"	"2023-01-21T20:10:20Z"	"False"	""
"121782"	"fBasic Assets"	"2025-07-25T16:06:05Z"	"False"	""
"183370"	"Feel"	"2022-11-15T15:00:17Z"	"False"	""
"234145"	"Feel + Text Animator + Dialogue System Bundle Demo Scene"	"2025-05-14T14:19:16Z"	"False"	""
"231220"	"Female Anim Starter Pack"	"2022-12-31T04:57:44Z"	"False"	""
"127"	"Female Character Pack"	"2012-04-22T19:36:57Z"	"False"	""
"1089"	"Fence Pack"	"2014-10-15T20:11:48Z"	"False"	""
"273750"	"Feudal Japan Megapack"	"2025-12-23T18:25:41Z"	"False"	""
"30804"	"Fighter Pack Bundle"	"2022-05-03T01:35:41Z"	"False"	""
"198134"	"Figma Converter for Unity"	"2022-10-24T16:05:28Z"	"False"	""
"98713"	"File Browser PRO"	"2022-10-24T16:05:26Z"	"False"	""
"158337"	"File Transfer Server"	"2023-12-08T20:16:39Z"	"False"	""
"133620"	"Filo - The Cable Simulator"	"2022-04-02T23:06:32Z"	"False"	""
"14290"	"Final IK"	"2022-04-26T04:55:49Z"	"False"	""
"287711"	"FishNet Pro: Networking Evolved"	"2025-07-02T13:44:38Z"	"False"	""
"207815"	"FishNet: Networking Evolved"	"2022-04-19T18:28:39Z"	"False"	""
"228468"	"Flare Engine - 2D Tools"	"2025-07-04T01:43:41Z"	"False"	""
"143368"	"Flat Kit: Toon Shading and Water"	"2022-11-15T14:58:59Z"	"False"	""
"307236"	"Flat pack - GUI"	"2025-03-07T16:12:26Z"	"False"	""
"230509"	"Flexalon Pro: 3D & UI Layouts"	"2023-01-21T20:07:28Z"	"False"	""
"150497"	"Flexible Color Picker"	"2022-05-01T05:56:30Z"	"False"	""
"243310"	"FlexiMotion"	"2023-02-19T03:49:23Z"	"False"	""
"322664"	"Flipbook VFX Bundle"	"2026-06-01T17:28:07Z"	"False"	""
"194348"	"Floating Animations"	"2022-03-24T01:59:54Z"	"False"	""
"4897"	"Flow"	"2014-10-16T13:38:38Z"	"False"	""
"197014"	"FLOW"	"2022-11-23T17:13:01Z"	"False"	""
"33903"	"FlowCanvas"	"2018-09-05T15:20:23Z"	"False"	""
"163699"	"Fluid Seamless Portals - Basic"	"2022-04-02T23:06:32Z"	"False"	""
"5717"	"FluidSim"	"2014-09-16T23:27:27Z"	"False"	""
"203795"	"FluXY - 2.5D fluid simulator"	"2022-09-14T18:03:47Z"	"False"	""
"77575"	"Flying Mage AnimSet"	"2024-04-16T23:26:28Z"	"False"	""
"161631"	"FMOD for Unity (2.02)"	"2022-03-31T06:04:02Z"	"False"	""
"85360"	"Footstep and Foley Sounds"	"2021-09-17T15:26:19Z"	"False"	""
"189879"	"Footsteps - Essentials"	"2025-07-06T17:27:42Z"	"False"	""
"165660"	"Footsteps Sound Pack"	"2022-09-10T00:32:26Z"	"False"	""
"142554"	"Forest animals"	"2022-09-10T00:32:26Z"	"False"	""
"278978"	"FPS Framework 2.0"	"2025-07-04T01:43:46Z"	"False"	""
"236735"	"FPS Shooter Recoil"	"2022-12-26T20:21:17Z"	"False"	""
"353116"	"Frank Platformer 2"	"2026-06-01T17:28:10Z"	"False"	""
"140739"	"Free Fly Camera"	"2023-01-14T19:05:52Z"	"False"	""
"219979"	"FREE Low Poly Human - RPG Character"	"2022-05-23T17:33:10Z"	"False"	""
"154136"	"FREE Magic Aura Construction Kit"	"2022-03-28T03:50:09Z"	"False"	""
"155776"	"Free Sound Effects Pack"	"2022-03-28T03:50:23Z"	"False"	""
"111778"	"FREE Stylized PBR Textures Pack"	"2026-06-01T17:02:39Z"	"False"	""
"326764"	"Frost & Ice Stylized VFX Starter Kit"	"2026-06-01T17:28:10Z"	"False"	""
"262354"	"FS - Melee Combat System"	"2025-02-16T04:56:05Z"	"False"	""
"342682"	"FS Swimming System"	"2026-06-01T17:28:09Z"	"False"	""
"69534"	"Fullscreen Editor"	"2022-07-20T19:01:18Z"	"False"	""
"239331"	"Fur Climbing System"	"2023-02-19T03:49:23Z"	"False"	""
"125966"	"FurryS2: Sorceres and Archer"	"2021-09-08T14:52:10Z"	"False"	""
"11614"	"FXLab - Unity Effects"	"2013-10-16T14:42:52Z"	"False"	""
"42618"	"Gaia 2 - Terrain & Scene Generator"	"2020-01-03T06:19:29Z"	"False"	""
"193509"	"Gaia for Unity 2021"	"2022-03-27T04:06:11Z"	"False"	""
"264629"	"Gaia for Unity 6"	"2025-07-07T20:25:58Z"	"False"	""
"193476"	"Gaia Pro for Unity 2021"	"2023-01-19T01:11:10Z"	"False"	""
"263149"	"Gaia Pro VS - Terrain, Trees, Grass & Water for Unity 6"	"2024-01-30T03:55:45Z"	"False"	""
"285953"	"Game Input Controller Icons Free"	"2025-02-25T23:35:10Z"	"False"	""
"220084"	"Game Makers Sound Effects Kit Part 1"	"2024-04-16T23:26:27Z"	"False"	""
"13438"	"Game Template"	"2014-05-10T12:43:33Z"	"False"	""
"2811"	"GameDraw"	"2013-07-01T17:20:43Z"	"False"	""
"14808"	"GameFlow"	"2018-09-05T15:20:59Z"	"False"	""
"3"	"Gem Shader"	"2012-04-22T19:29:00Z"	"False"	""
"183186"	"GeNa Pro - Level Designer, Villages, Roads & Rivers for Unity 6"	"2024-01-30T03:54:58Z"	"False"	""
"2589"	"General Music Set"	"2013-11-17T02:55:37Z"	"False"	""
"61875"	"Geometry Algorithms"	"2022-10-24T16:05:20Z"	"False"	""
"32204"	"Gestures MoCap 02"	"2018-08-14T17:35:23Z"	"False"	""
"124278"	"Ghoul Crew - Hand Painted"	"2022-03-27T04:06:10Z"	"False"	""
"118069"	"GitHub for Unity"	"2022-03-30T02:11:48Z"	"False"	""
"21197"	"Global Illumination Proxy"	"2022-03-27T04:06:09Z"	"False"	""
"1810"	"Gold Coins"	"2012-04-22T19:32:44Z"	"False"	""
"271511"	"Gothic Exterior"	"2025-12-23T18:25:41Z"	"False"	""
"248169"	"Gothic Interior Megapack"	"2025-12-23T18:25:41Z"	"False"	""
"135882"	"Gothic UI"	"2022-06-21T00:35:30Z"	"False"	""
"182328"	"Grabbit - Editor Physics Transforms"	"2022-04-12T01:25:35Z"	"False"	""
"219758"	"GrassFlow 2"	"2024-07-04T16:47:12Z"	"False"	""
"62432"	"Gravity Engine"	"2022-10-24T16:05:35Z"	"False"	""
"4004"	"Grid Framework"	"2013-11-13T22:26:57Z"	"False"	""
"286714"	"Grid Master"	"2025-07-14T05:56:38Z"	"False"	""
"218314"	"Grid Placement System"	"2022-10-24T16:05:19Z"	"False"	""
"129127"	"Gridbox Prototype Materials"	"2022-04-01T05:45:03Z"	"False"	""
"224345"	"GridForge - Procedural Level Generator"	"2022-10-24T16:05:14Z"	"False"	""
"12520"	"Grids Basic"	"2014-09-15T00:54:47Z"	"False"	""
"9968"	"Grids Pro"	"2015-06-24T11:35:35Z"	"False"	""
"121798"	"Ground Fitter"	"2025-07-25T16:05:03Z"	"False"	""
"45021"	"GSpawn - Level Designer"	"2021-09-08T14:52:10Z"	"False"	""
"225272"	"GTS - Terrain Shader for Unity 6"	"2025-05-05T21:52:16Z"	"False"	""
"116852"	"GUI - The Stone"	"2024-05-15T16:46:18Z"	"False"	""
"176695"	"GUI Pro - Casual Game"	"2023-02-03T17:26:01Z"	"False"	""
"170168"	"GUI Pro - Fantasy RPG"	"2021-09-08T14:52:10Z"	"False"	""
"194741"	"GUI Pro - Survival Clean"	"2021-09-17T15:26:19Z"	"False"	""
"176739"	"Gun & Explosion Sounds"	"2021-09-17T15:26:19Z"	"False"	""
"206705"	"Hand Poses"	"2022-04-20T18:11:09Z"	"False"	""
"187634"	"Handpainted Grass & Ground Textures Free — Top-Down RPG | Terrain Tool"	"2026-06-01T16:56:39Z"	"False"	""
"7250"	"Hayate 3 Particle Turbulence"	"2014-04-11T11:49:31Z"	"False"	""
"184252"	"Hazard & Safety 285 signs collection (ISO 7010)"	"2022-06-21T00:35:29Z"	"False"	""
"226149"	"HDRP Time Of Day - Lighting, Weather & Clouds"	"2022-10-24T16:05:30Z"	"False"	""
"5730"	"HEROIC FANTASY CREATURES FULL PACK VOL 1"	"2018-09-05T15:31:10Z"	"False"	""
"193854"	"Hide Find Seek"	"2022-06-21T00:35:29Z"	"False"	""
"14032"	"Hierarchy2"	"2014-04-15T11:55:33Z"	"False"	""
"134149"	"Highlight Plus - All in One Outline & Selection Effects"	"2021-09-17T15:26:19Z"	"False"	""
"73798"	"Highroad Engine"	"2022-03-27T04:06:11Z"	"False"	""
"199390"	"Hit Animations"	"2022-03-24T04:55:26Z"	"False"	""
"21650"	"Honey Hex Framework"	"2015-05-15T11:33:44Z"	"False"	""
"31861"	"Horizon[ON]"	"2015-05-29T12:02:16Z"	"False"	""
"297297"	"Horror Multiplayer Game Template"	"2025-07-02T13:44:38Z"	"False"	""
"278180"	"Horror Prison"	"2025-07-02T13:44:38Z"	"False"	""
"79902"	"Horse Animset Pro (Riding System)"	"2022-04-12T18:06:47Z"	"False"	""
"254358"	"Hot Reload | Edit Code Without Compiling"	"2025-07-17T13:24:23Z"	"False"	""
"303248"	"Hot Rod Constructor: Modular Battle Cars"	"2025-12-10T21:58:51Z"	"False"	""
"265523"	"House Props & Furniture Vol. 2"	"2025-02-18T20:12:54Z"	"False"	""
"157744"	"Human Basic Motions"	"2022-03-24T04:59:39Z"	"False"	""
"154271"	"Human Basic Motions FREE"	"2024-02-21T02:25:35Z"	"False"	""
"147875"	"Human Crafting Animations"	"2024-09-05T14:31:25Z"	"False"	""
"157920"	"Human Crafting Animations FREE"	"2024-12-28T21:06:59Z"	"False"	""
"162341"	"Human Mega Animations Pack"	"2022-04-12T18:06:47Z"	"False"	""
"227802"	"HYPEPOLY - Battle Royale Show 2"	"2023-02-03T17:26:02Z"	"False"	""
"231405"	"Hyper Casual FX Pack Vol.1"	"2022-12-31T02:20:44Z"	"False"	""
"13761"	"ICode"	"2014-02-03T23:57:50Z"	"False"	""
"148408"	"IK Helper Tool"	"2022-04-20T18:14:02Z"	"False"	""
"4799"	"Impact Deformable"	"2015-09-01T11:20:09Z"	"False"	""
"369388"	"Industrial Props Equipment Mega Bundle"	"2026-06-01T17:28:07Z"	"False"	""
"154133"	"InfiniCLOUD HDRP - URP, Volumetric clouds & particles"	"2021-09-08T14:52:10Z"	"False"	""
"3283"	"Input.Touches"	"2015-05-12T11:26:42Z"	"False"	""
"3598"	"Inspector++ for NGUI"	"2013-07-16T23:14:32Z"	"False"	""
"222293"	"InteliMap AI Tilemap Generator"	"2022-10-24T16:05:21Z"	"False"	""
"195888"	"Interactions Animations"	"2022-03-24T04:50:27Z"	"False"	""
"178062"	"Interactor - Interaction Handler"	"2022-04-12T18:06:47Z"	"False"	""
"229339"	"Intrigues"	"2025-07-02T13:44:38Z"	"False"	""
"66801"	"Inventory Pro"	"2018-09-05T15:19:45Z"	"False"	""
"136677"	"Irval the Wyvern"	"2022-07-20T19:01:14Z"	"False"	""
"33032"	"Isometric Toolkit"	"2015-05-15T11:45:20Z"	"False"	""
"215843"	"iStep"	"2022-07-20T19:01:12Z"	"False"	""
"84"	"iTween"	"2013-11-05T01:33:39Z"	"False"	""
"217205"	"Ivy Studio - Procedural vine generation"	"2023-01-21T20:07:33Z"	"False"	""
"170162"	"Japanese Street"	"2024-05-15T16:46:24Z"	"False"	""
"179767"	"JU TPS 2 : Third Person Shooter System + Vehicle Physics"	"2021-09-17T15:26:19Z"	"False"	""
"159992"	"Jupiter - Procedural Sky Shader & Day Night Cycle"	"2024-09-05T14:36:38Z"	"False"	""
"290679"	"KayKit - Adventurers Character Pack (for Unity)"	"2025-02-16T04:56:08Z"	"False"	""
"290676"	"KayKit - Dungeon Remastered Pack (for Unity)"	"2025-07-02T13:44:38Z"	"False"	""
"6867"	"KGFCameraSystem"	"2014-05-19T11:46:27Z"	"False"	""
"99131"	"Kinematic Character Controller"	"2022-03-27T04:06:11Z"	"False"	""
"207880"	"Korea Goryeo Village"	"2022-07-20T19:01:11Z"	"False"	""
"205007"	"KWS Water System (HDRP Rendering)"	"2024-06-23T00:33:56Z"	"False"	""
"55463"	"Landscape Builder"	"2023-12-08T20:16:39Z"	"False"	""
"18138"	"Laser Beams - Weapon Systems Pack"	"2014-08-14T11:58:06Z"	"False"	""
"293850"	"Lattice Modifier for Unity"	"2025-11-30T11:30:10Z"	"False"	""
"72138"	"Lean GUI"	"2022-05-01T05:49:12Z"	"False"	""
"198472"	"Leaning Animator"	"2023-12-08T20:16:39Z"	"False"	""
"3595"	"LeanTween"	"2020-06-11T17:50:13Z"	"False"	""
"73777"	"Legacy Particle Pack"	"2022-03-27T23:52:20Z"	"False"	""
"154245"	"Legs Animator"	"2024-01-27T20:34:16Z"	"False"	""
"198361"	"Lens Flares Pack | For URP/HDRP"	"2023-12-08T20:16:39Z"	"False"	""
"93057"	"Lighting Box 2 Next-Gen Lighting Solution"	"2025-07-02T13:44:38Z"	"False"	""
"294140"	"Linework: Outlines and Edge Detection"	"2025-02-16T04:56:06Z"	"False"	""
"64248"	"Little Dragons: Tiger"	"2022-09-10T00:32:26Z"	"False"	""
"11281"	"Livity"	"2014-05-10T12:43:33Z"	"False"	""
"250428"	"Loading Screen Studio"	"2023-12-08T20:16:39Z"	"False"	""
"214347"	"Local Avoidance"	"2022-10-24T16:05:17Z"	"False"	""
"202927"	"Locomotion Animations"	"2022-03-24T01:59:54Z"	"False"	""
"149558"	"Logwin.Log() - Debug Values Tracker"	"2024-12-28T20:20:22Z"	"False"	""
"122249"	"Look Animator"	"2024-01-29T21:48:51Z"	"False"	""
"218716"	"Loot Anim Set"	"2022-12-31T04:57:47Z"	"False"	""
"33063"	"Love/Hate"	"2022-03-27T04:06:11Z"	"False"	""
"93089"	"Low Poly Animated Animals"	"2022-04-12T01:23:45Z"	"False"	""
"200559"	"Low Poly Bird: Ultimate Pack"	"2024-06-23T00:33:56Z"	"False"	""
"167425"	"Low Poly Cartoon House Interiors"	"2025-07-04T01:43:43Z"	"False"	""
"228606"	"Low Poly Environment Starter Pack"	"2022-11-12T18:11:44Z"	"False"	""
"258580"	"Low Poly Fantasy Bundle"	"2025-02-16T04:56:04Z"	"False"	""
"242322"	"Low Poly Fantasy Medieval Village Vol.2 Lite"	"2023-01-12T18:34:18Z"	"False"	""
"188037"	"Low Poly FPS Weapons Pack"	"2024-09-05T14:44:37Z"	"False"	""
"195499"	"Low Poly Megapolis"	"2022-06-21T00:35:30Z"	"False"	""
"223104"	"Low Poly Nature Bundle"	"2026-06-01T17:28:08Z"	"False"	""
"170400"	"Low Poly Terrain - Polaris 2020"	"2022-07-20T19:01:15Z"	"False"	""
"195642"	"Low Poly Tools Bundle"	"2021-09-08T14:52:10Z"	"False"	""
"73954"	"Low Poly Trees - Pack"	"2025-07-02T13:44:38Z"	"False"	""
"54733"	"Low Poly Ultimate Pack"	"2022-11-23T20:08:33Z"	"False"	""
"124419"	"Low Poly War Pack"	"2024-12-10T16:31:08Z"	"False"	""
"215112"	"Low-Poly Big Environment Pack"	"2022-05-01T00:37:08Z"	"False"	""
"288957"	"Low-Poly Medieval Fantasy Heroes - Basic Pack"	"2025-02-16T04:56:03Z"	"False"	""
"145133"	"Lowpoly Style Free Rocks and Plants"	"2022-05-12T22:49:04Z"	"False"	""
"202311"	"Lowpoly training dummy"	"2022-03-25T01:21:17Z"	"False"	""
"2211"	"Ludosity's Steamworks Wrapper"	"2013-11-15T12:43:30Z"	"False"	""
"226660"	"LUMINA GI 2022: Real-Time Voxel Global Illumination"	"2025-02-18T20:12:50Z"	"False"	""
"20869"	"Magic Arsenal"	"2026-06-01T17:28:08Z"	"False"	""
"157812"	"Magic Light Probes"	"2022-09-14T18:03:47Z"	"False"	""
"205177"	"Magic Sci-Fi Sword Sounds"	"2022-07-20T19:01:10Z"	"False"	""
"230461"	"Magic Shield Bubbles"	"2023-02-19T03:49:20Z"	"False"	""
"114628"	"Magic Spells Sound Effects"	"2022-03-28T03:48:08Z"	"False"	""
"210051"	"Magic Spells Sounds - Bundle Collection -"	"2022-04-02T23:06:33Z"	"False"	""
"160144"	"Magica Cloth"	"2022-04-02T23:06:32Z"	"False"	""
"7101"	"Make Your Fantasy Game - Fantasy Environment Assets"	"2015-12-12T00:12:12Z"	"False"	""
"124"	"Male Character Pack"	"2012-04-22T19:33:35Z"	"False"	""
"177023"	"Map Graph"	"2022-09-10T00:32:26Z"	"False"	""
"178682"	"MapMagic 2 Bundle"	"2022-04-25T19:50:30Z"	"False"	""
"5607"	"Master Audio: AAA Sound"	"2013-12-04T12:35:12Z"	"False"	""
"3012"	"Max Adventure Model"	"2012-04-22T19:34:01Z"	"False"	""
"290208"	"MC Idles - Believable 3D Animations by MoCap Central"	"2024-09-18T22:54:59Z"	"False"	""
"291284"	"MC Sample - Believable 3D Animations by MoCap Central"	"2024-12-28T21:08:09Z"	"False"	""
"132195"	"Meadow Environment - Dynamic Nature"	"2022-09-10T00:32:26Z"	"False"	""
"5328"	"Mecanim Example Scenes"	"2013-10-27T00:59:22Z"	"False"	""
"7673"	"Mecanim Locomotion Starter Kit"	"2013-05-24T01:00:55Z"	"False"	""
"164854"	"Mech Combat Kit"	"2022-09-14T18:03:47Z"	"False"	""
"238870"	"Medieval Fantasy SFX Bundle"	"2024-06-23T00:33:58Z"	"False"	""
"196678"	"Medieval Houses Modular Vol 1"	"2021-09-08T14:52:10Z"	"False"	""
"180688"	"Medieval Kingdom UI"	"2024-05-15T16:46:15Z"	"False"	""
"139592"	"Medieval Music Pack"	"2022-04-02T23:06:33Z"	"False"	""
"2994"	"Medieval Village"	"2012-04-22T19:45:08Z"	"False"	""
"267707"	"Medieval Village Megapack"	"2025-12-23T18:25:41Z"	"False"	""
"162491"	"Medieval Weapons - Melee Weapon Pack - Swords, Axes, Maces, Polearms"	"2021-09-08T14:52:10Z"	"False"	""
"54687"	"Mega Game Music Collection"	"2024-07-21T17:24:12Z"	"False"	""
"244559"	"MegaBook 2"	"2023-02-19T03:49:21Z"	"False"	""
"4992"	"Merchants Enemies And Townsfolk"	"2013-11-17T02:19:37Z"	"False"	""
"5017"	"Mesh Baker"	"2022-04-26T04:47:57Z"	"False"	""
"101956"	"Mesh Combine Studio 2"	"2022-04-18T03:23:02Z"	"False"	""
"67803"	"Mesh Effects"	"2022-03-28T03:33:23Z"	"False"	""
"59618"	"Mesh Slicer"	"2023-12-08T20:16:39Z"	"False"	""
"101171"	"MFPS 2.0: Multiplayer FPS"	"2025-07-04T01:43:48Z"	"False"	""
"3181"	"MiniMagic And SpecialFX LIbrary"	"2013-11-17T02:19:37Z"	"False"	""
"212493"	"Mirrors and reflections for VR"	"2022-10-10T15:22:01Z"	"False"	""
"90204"	"MK Glow - Bloom & Lens & Flare & Glare"	"2022-03-27T04:06:10Z"	"False"	""
"178415"	"MK Toon - Stylized Shader"	"2025-07-18T17:44:51Z"	"False"	""
"132284"	"Mobile Tools + Complete Game"	"2021-09-08T14:52:10Z"	"False"	""
"198858"	"Modern UI SFX - sound pack"	"2024-07-04T16:47:11Z"	"False"	""
"329847"	"Modular Burger Shop Environment"	"2025-12-10T21:58:43Z"	"False"	""
"277180"	"Modular Castle & Dungeon (Medieval Stronghold, Dwarven Town)"	"2025-07-02T13:44:38Z"	"False"	""
"176713"	"Modular Egyptian Temple [HDRP]"	"2022-06-21T00:35:29Z"	"False"	""
"192482"	"Modular Multiplayer FPS Engine (Mirror) (MMFPSE)"	"2024-05-15T16:46:19Z"	"False"	""
"95866"	"Modular Research Center"	"2020-06-11T17:30:53Z"	"False"	""
"119938"	"MonKey - Productivity Commands"	"2022-03-27T04:06:11Z"	"False"	""
"2558"	"Monster"	"2013-11-06T01:02:54Z"	"False"	""
"176744"	"Monster Sounds Pack"	"2022-09-10T00:32:26Z"	"False"	""
"2822"	"Monster/Creature/Hero SFX"	"2013-11-17T02:19:37Z"	"False"	""
"175328"	"Monsters Fire Pack"	"2025-02-16T04:56:10Z"	"False"	""
"179083"	"Monsters Ultimate Pack 02 Cute Series"	"2022-09-10T00:32:26Z"	"False"	""
"237084"	"Monsters Ultimate Pack 09 Cute Series"	"2026-06-01T17:28:08Z"	"False"	""
"257707"	"Motion Matching System for Unity"	"2024-06-23T00:33:59Z"	"False"	""
"107004"	"Mountain Trees - Dynamic Nature"	"2021-09-08T14:52:10Z"	"False"	""
"101452"	"Moveen"	"2022-06-21T00:35:30Z"	"False"	""
"867"	"Music Pack #1 - Arcade"	"2012-04-22T19:19:54Z"	"False"	""
"985"	"Music Pack #2 - Orchestral"	"2012-04-22T19:08:27Z"	"False"	""
"1705"	"Music Pack #3 - Space"	"2012-04-22T19:19:30Z"	"False"	""
"1958"	"Music Pack #4 - Sports"	"2012-04-22T19:19:56Z"	"False"	""
"303296"	"Mystify FX"	"2025-07-02T13:44:38Z"	"False"	""
"756"	"NASA Space Flight Assets"	"2013-03-11T01:32:53Z"	"False"	""
"220347"	"Native Cursor"	"2025-08-13T11:18:51Z"	"False"	""
"67473"	"Native Goodies for Android™"	"2022-06-21T00:35:30Z"	"False"	""
"207305"	"Nature - Spawner Pack for ""POLYGON Nature"""	"2024-01-30T03:54:57Z"	"False"	""
"165645"	"Nature Package - Forest Environment"	"2021-09-08T14:52:10Z"	"False"	""
"202076"	"Nature Sounds Pack - Free"	"2022-03-28T03:59:30Z"	"False"	""
"366"	"Necromancer GUI"	"2012-04-22T19:27:28Z"	"False"	""
"2413"	"NGUI: Next-Gen UI"	"2013-07-16T23:11:26Z"	"False"	""
"14914"	"NodeCanvas"	"2021-09-08T14:52:10Z"	"False"	""
"117273"	"Non-Convex Mesh Collider. Automatic Generator"	"2022-05-03T01:36:04Z"	"False"	""
"207327"	"Now We're Talking!"	"2023-12-08T20:16:39Z"	"False"	""
"89589"	"Obfuscator Pro | Plug and Play Code Protection | v2026"	"2025-02-18T20:12:52Z"	"False"	""
"55579"	"Obi Rope"	"2022-04-11T17:33:43Z"	"False"	""
"130029"	"Obi Softbody"	"2025-02-18T20:12:46Z"	"False"	""
"35911"	"ObjectMaster"	"2015-11-04T22:25:54Z"	"False"	""
"289926"	"Oceanis 2024 Pro URP Water Framework"	"2026-06-01T17:28:09Z"	"False"	""
"89041"	"Odin Inspector and Serializer"	"2021-09-08T14:52:10Z"	"False"	""
"227861"	"Odin Validator"	"2022-12-26T20:21:18Z"	"False"	""
"264728"	"Oh My Gizmos"	"2025-07-17T13:24:24Z"	"False"	""
"286945"	"Omni Animation - Core Locomotion Pack"	"2024-09-05T14:44:40Z"	"False"	""
"216249"	"OmniShade PBR - Physically Based Uber Shader"	"2022-10-24T16:05:19Z"	"False"	""
"223503"	"One Handed Sword Attacks and Finishers"	"2022-12-31T04:57:46Z"	"False"	""
"32346"	"One Minute GUI"	"2015-05-08T11:27:19Z"	"False"	""
"138509"	"Online Maps v3"	"2025-02-18T20:12:53Z"	"False"	""
"150748"	"Open World Nature Kit"	"2022-07-20T19:01:13Z"	"False"	""
"287164"	"Optimized Ropes And Cables Tool"	"2024-12-28T21:09:10Z"	"False"	""
"197551"	"Orbis - DOTS Terrains"	"2022-04-16T03:46:01Z"	"False"	""
"155671"	"Outdoor Atmospheres Sound Effects Pack"	"2024-07-22T14:00:45Z"	"False"	""
"26286"	"Paint in 3D"	"2022-04-13T13:59:11Z"	"False"	""
"249865"	"Paint in Editor"	"2024-02-21T02:15:22Z"	"False"	""
"241266"	"Parkour Animation Set"	"2024-04-16T23:26:28Z"	"False"	""
"273012"	"Parkour Animation Set - Volume 2"	"2024-09-19T03:18:48Z"	"False"	""
"8933"	"Particle Mega Pack"	"2014-01-22T12:57:33Z"	"False"	""
"127325"	"Particle Pack"	"2022-03-27T18:28:44Z"	"False"	""
"13325"	"Particle Playground"	"2015-03-26T11:28:34Z"	"False"	""
"8918"	"Particle Textures Deluxe"	"2013-07-03T20:21:59Z"	"False"	""
"198411"	"Party Monster Rumble PBR"	"2022-09-10T00:32:26Z"	"False"	""
"184623"	"Path Painter II"	"2022-07-20T19:01:20Z"	"False"	""
"65397"	"Pegasus - Flythroughs for Unity 6"	"2023-12-08T20:16:39Z"	"False"	""
"80534"	"Performance Tools"	"2022-09-14T18:03:47Z"	"False"	""
"291511"	"Pharaoh's Legacy: Egyptian Temple"	"2025-12-23T18:25:41Z"	"False"	""
"203438"	"Physics Character Controller"	"2022-10-24T16:05:24Z"	"False"	""
"194727"	"Pixelate - Pixel Art Converter"	"2022-09-10T00:32:26Z"	"False"	""
"15320"	"Pixel-Perfect Dynamic Text"	"2014-03-15T14:05:34Z"	"False"	""
"271342"	"Platformer 2 Obstacles - Low Poly 3D Models Pack"	"2024-05-15T16:46:26Z"	"False"	""
"368"	"Playmaker"	"2020-01-02T16:21:53Z"	"False"	""
"196648"	"Polaris 2021 - Low Poly Terrain Editor"	"2023-10-25T16:19:48Z"	"False"	""
"92029"	"Polarith AI Free | Movement with 2D Sensors"	"2018-08-12T17:06:25Z"	"False"	""
"71465"	"Polarith AI Pro | Movement with 3D Sensors"	"2021-09-17T15:26:19Z"	"False"	""
"128568"	"Poly Art: Animal Forest Set"	"2023-01-15T01:20:30Z"	"False"	""
"236625"	"Poly Halloween Pack"	"2022-11-12T18:10:56Z"	"False"	""
"159363"	"POLY STYLE - Medieval Village"	"2023-02-06T20:52:27Z"	"False"	""
"215157"	"Poly Universal Pack"	"2024-12-28T20:07:30Z"	"False"	""
"80585"	"POLYGON - Adventure Pack - Art by Synty"	"2019-12-18T15:32:46Z"	"False"	""
"154193"	"POLYGON - Apocalypse Pack - Art by Synty"	"2022-11-15T15:05:21Z"	"False"	""
"95214"	"POLYGON - City Pack - Art by Synty"	"2019-12-18T15:32:46Z"	"False"	""
"168036"	"POLYGON - Construction Pack - Art by Synty"	"2022-09-14T21:28:21Z"	"False"	""
"102677"	"POLYGON - Dungeons Pack - Art by Synty"	"2022-09-10T00:32:26Z"	"False"	""
"247353"	"POLYGON - Elven Realm Pack - Art by Synty"	"2024-01-29T17:19:34Z"	"False"	""
"164532"	"POLYGON - Fantasy Kingdom Pack - Art by Synty"	"2022-03-27T02:59:22Z"	"False"	""
"146192"	"POLYGON - Farm Pack - Art by Synty"	"2022-03-27T04:06:10Z"	"False"	""
"97949"	"POLYGON - Heist Pack - Art by Synty"	"2019-12-18T15:32:46Z"	"False"	""
"213346"	"POLYGON - Horror Mansion Pack - Art by Synty"	"2024-06-23T00:33:57Z"	"False"	""
"180629"	"POLYGON - Kids Pack - Art by Synty"	"2022-04-11T17:44:55Z"	"False"	""
"83694"	"POLYGON - Knights Pack - Art by Synty"	"2019-12-18T15:32:46Z"	"False"	""
"234255"	"POLYGON - Meadow Forest - Nature Biomes - 3D Environment Art by Synty"	"2023-06-13T19:20:17Z"	"False"	""
"143468"	"POLYGON - Modular Fantasy Hero Characters Pack - Art by Synty"	"2022-03-27T02:31:48Z"	"False"	""
"168372"	"POLYGON - Particle FX Pack - Art by Synty"	"2022-04-02T23:06:32Z"	"False"	""
"92579"	"POLYGON - Pirate Pack - Art by Synty"	"2019-12-18T15:32:46Z"	"False"	""
"137126"	"POLYGON - Prototype Pack - Art by Synty"	"2019-12-18T15:32:46Z"	"False"	""
"89551"	"POLYGON - Samurai Pack - Art by Synty"	"2019-12-18T15:32:46Z"	"False"	""
"115950"	"POLYGON - Sci-Fi City Pack - Art by Synty"	"2019-12-18T15:32:46Z"	"False"	""
"259784"	"POLYGON - Sci-Fi Cyber City Pack - Art by Synty"	"2023-11-27T23:15:50Z"	"False"	""
"134501"	"POLYGON - Snow Kit - Art by Synty"	"2019-12-18T15:32:46Z"	"False"	""
"156819"	"POLYGON - Starter Pack - Art by Synty"	"2022-04-01T05:46:39Z"	"False"	""
"234254"	"POLYGON - Swamp Marshland - Nature Biomes - 3D Environment Art by Synty"	"2023-06-13T19:20:19Z"	"False"	""
"234253"	"POLYGON - Tropical Jungle - Nature Biomes - 3D Environment Art by Synty"	"2023-06-13T19:20:18Z"	"False"	""
"85664"	"POLYGON - Vikings Pack - Art by Synty"	"2019-12-18T15:32:46Z"	"False"	""
"106992"	"POLYGON - War Pack - Art by Synty"	"2024-04-16T23:26:26Z"	"False"	""
"130564"	"POLYGON - Western Frontier Pack - Art by Synty"	"2022-04-18T03:00:25Z"	"False"	""
"112212"	"POLYGON - Western Pack - Art by Synty"	"2019-12-18T15:32:46Z"	"False"	""
"112452"	"POLYGON Horse - Low Poly 3D Art by Synty"	"2022-03-27T03:08:44Z"	"False"	""
"182165"	"POLYSTYLE - Medieval Castle"	"2023-02-06T20:55:40Z"	"False"	""
"206078"	"POLYSTYLE - Medieval Dungeons"	"2023-02-06T20:55:39Z"	"False"	""
"104017"	"Polyverse Skies | Low Poly Skybox Shaders"	"2024-09-05T14:44:36Z"	"False"	""
"3769"	"Pool, Trigger, Constrain Bundle"	"2014-02-03T23:57:50Z"	"False"	""
"1010"	"PoolManager"	"2014-10-30T11:37:20Z"	"False"	""
"24455"	"PopcornFX Particle Effects Plugin (Windows Mac Linux)"	"2015-11-05T19:51:29Z"	"False"	""
"278009"	"Pose AI"	"2024-09-19T03:13:56Z"	"False"	""
"153826"	"Poseidon - Low Poly Water System"	"2024-09-05T14:02:44Z"	"False"	""
"188358"	"Post Apocalyptic World Pack"	"2021-09-17T15:26:19Z"	"False"	""
"154032"	"Powerslide Kart Physics"	"2023-01-21T20:07:32Z"	"False"	""
"185406"	"Prefab World Builder"	"2022-09-14T18:03:47Z"	"False"	""
"252960"	"PrimeTween · High-Performance Animations and Sequences"	"2024-07-28T16:07:40Z"	"False"	""
"52837"	"Pro Radar Builder (maps and tracking)"	"2022-05-02T15:42:22Z"	"False"	""
"50235"	"Pro Sound Collection"	"2022-04-18T03:14:05Z"	"False"	""
"3558"	"ProBuilder Advanced"	"2013-12-21T15:44:22Z"	"False"	""
"187016"	"Procedural Circular Health and Progress Bars Pro"	"2022-10-24T16:05:23Z"	"False"	""
"5141"	"Procedural Examples"	"2013-05-24T01:00:21Z"	"False"	""
"141496"	"Procedural fire"	"2022-03-24T21:59:59Z"	"False"	""
"34217"	"Procedural Lightning - High Performance and Shocking Lightning"	"2022-10-24T16:05:31Z"	"False"	""
"244662"	"Procedural Walk Animation"	"2025-07-04T01:43:44Z"	"False"	""
"12845"	"ProFlares - Ultimate Lens Flares for Unity3D"	"2014-08-14T11:58:06Z"	"False"	""
"4466"	"ProGrids 2"	"2013-12-21T15:44:22Z"	"False"	""
"216129"	"Projectile Toolkit 3"	"2022-10-24T16:05:36Z"	"False"	""
"177877"	"ProPixelizer - Realtime 3D Pixel Art"	"2022-09-10T00:32:26Z"	"False"	""
"44361"	"ProTips - Tooltip System"	"2021-09-17T15:26:19Z"	"False"	""
"191050"	"Prototype Textures Pack"	"2025-07-30T19:17:34Z"	"False"	""
"1786"	"PUN Classic - FREE"	"2013-11-06T01:03:10Z"	"False"	""
"111554"	"Puppet3D"	"2022-04-25T22:28:44Z"	"False"	""
"269112"	"Pure Nature 2 : Islands"	"2025-02-16T04:56:09Z"	"False"	""
"269085"	"Pure Nature 2 : Meadows"	"2024-02-20T23:20:09Z"	"False"	""
"211046"	"Quantum Console"	"2022-10-10T15:21:59Z"	"False"	""
"203178"	"Quibli: Anime Shaders and Tools"	"2022-09-10T00:32:26Z"	"False"	""
"16514"	"QuickLod - Optimization Framework"	"2015-04-16T11:27:16Z"	"False"	""
"137259"	"Quirky Series - Animals Mega Pack Vol 1"	"2022-04-17T14:07:20Z"	"False"	""
"183280"	"Quirky Series - Animals Mega Pack Vol 2"	"2022-09-10T00:32:26Z"	"False"	""
"185246"	"Quirky Series - Animals Mega Pack Vol 3"	"2022-11-23T17:13:01Z"	"False"	""
"268492"	"QuizU - A UI toolkit sample"	"2024-05-06T20:37:57Z"	"False"	""
"113050"	"Race Track Generator"	"2022-03-27T04:06:10Z"	"False"	""
"209616"	"Ragdoll Animator"	"2022-05-03T01:31:05Z"	"False"	""
"285638"	"Ragdoll Animator 2"	"2025-07-25T15:54:08Z"	"False"	""
"148690"	"RayFire for Unity - Obsolete"	"2022-04-26T04:44:14Z"	"False"	""
"158913"	"Real Blood"	"2024-09-05T14:44:36Z"	"False"	""
"91171"	"Real Footsteps"	"2022-03-28T04:26:16Z"	"False"	""
"181402"	"Real Ivy 2 Procedural Ivy Generator"	"2022-10-24T16:05:27Z"	"False"	""
"8752"	"Real World Terrain"	"2025-02-18T20:12:47Z"	"False"	""
"16296"	"Realistic Car Controller"	"2022-04-11T17:33:31Z"	"False"	""
"251490"	"Realistic Cliffs and Rocks"	"2025-02-18T20:12:56Z"	"False"	""
"85675"	"Realistic Effects Pack 4"	"2018-09-05T15:20:38Z"	"False"	""
"29168"	"Realistic Eye Movements"	"2025-02-18T20:12:55Z"	"False"	""
"212295"	"Realistic Forest Textures - RPG Environment"	"2022-03-27T04:06:09Z"	"False"	""
"189574"	"Regular Animations"	"2022-03-24T04:50:27Z"	"False"	""
"79538"	"Retro Aesthetics"	"2022-06-21T00:35:30Z"	"False"	""
"96158"	"Retro Cartoon Cars - Cicada"	"2018-09-22T22:02:38Z"	"False"	""
"322864"	"Retro: Noir"	"2025-12-10T21:58:46Z"	"False"	""
"21626"	"Road & Traffic System"	"2015-04-22T11:35:47Z"	"False"	""
"7006"	"Robot Lab (Unity 4x)"	"2014-01-25T20:14:23Z"	"False"	""
"209196"	"RockyDesert"	"2022-06-21T00:35:30Z"	"False"	""
"237606"	"Ropofoo - Foot Controller IK"	"2025-02-25T23:19:44Z"	"False"	""
"316580"	"Roslyn C# - Runtime Compiler 2.0"	"2025-12-10T21:58:40Z"	"False"	""
"173550"	"RPG & Dungeon Sounds"	"2022-07-20T19:01:15Z"	"False"	""
"177657"	"RPG Builder"	"2021-09-08T14:52:10Z"	"False"	""
"145324"	"RPG Character Controllers"	"2022-09-14T18:03:47Z"	"False"	""
"63772"	"RPG Character Mecanim Animation Pack"	"2022-05-04T03:20:40Z"	"False"	""
"47749"	"RPG Fantasy (Pack)"	"2021-09-08T14:52:10Z"	"False"	""
"175595"	"RPG Fantasy Monster Bundle #6 - 4 RPG / Fantasy Characters"	"2022-03-27T04:06:09Z"	"False"	""
"121080"	"RPG Farming Kit"	"2025-07-04T01:43:49Z"	"False"	""
"191784"	"RPG Magic Sound Effect Pack 3 [Elemental] (AAA)"	"2022-05-03T01:37:38Z"	"False"	""
"133704"	"RPG VFX Bundle"	"2022-09-10T00:32:26Z"	"False"	""
"288783"	"RPG_Animations_Pack_FREE"	"2024-12-28T21:04:42Z"	"False"	""
"10390"	"RTS Camera Pro"	"2014-07-20T13:46:35Z"	"False"	""
"206964"	"RTS Mega Pack Fantasy Buildings"	"2022-06-21T00:35:29Z"	"False"	""
"270382"	"Running Water VFX"	"2025-02-18T20:12:48Z"	"False"	""
"325182"	"Runtime Debugger Toolkit"	"2025-12-10T21:58:49Z"	"False"	""
"69257"	"Runtime Transform Gizmos (Standard)"	"2025-12-10T21:58:41Z"	"False"	""
"65363"	"Runtime Transform Handles"	"2022-06-21T00:35:29Z"	"False"	""
"3437"	"Rusty Cars"	"2014-01-15T13:51:22Z"	"False"	""
"188764"	"RV Honor Ai"	"2021-09-17T15:26:19Z"	"False"	""
"146170"	"RV Smart Ai"	"2021-09-17T15:26:19Z"	"False"	""
"148442"	"SALSA LipSync Suite"	"2024-05-15T16:46:14Z"	"False"	""
"14474"	"Sample Assets (beta)"	"2014-01-25T20:36:20Z"	"False"	""
"129816"	"Sand Effects Pack"	"2025-02-18T20:12:49Z"	"False"	""
"177949"	"Scenes Switcher"	"2025-07-04T01:43:44Z"	"False"	""
"186888"	"SCI FI CHARACTERS MEGA PACK VOL 2"	"2021-09-17T15:26:19Z"	"False"	""
"12365"	"Sci Fi Level Construction Pack 1"	"2020-06-11T17:30:53Z"	"False"	""
"47389"	"Sci Fi PBR Level Kit / Space Station / Modular Interior Enviromnent Pack"	"2015-11-10T12:27:59Z"	"False"	""
"60519"	"Sci-Fi Arsenal"	"2022-03-27T04:06:10Z"	"False"	""
"292447"	"Sci-Fi Boss pack"	"2025-07-02T13:44:38Z"	"False"	""
"20416"	"Sci-Fi Effects"	"2015-04-09T19:38:42Z"	"False"	""
"260627"	"Sci-Fi Game Sound Effects"	"2025-04-10T01:40:28Z"	"False"	""
"162226"	"Sci-Fi Gun Sounds"	"2021-09-17T15:26:19Z"	"False"	""
"90235"	"Sci-Fi Heavy Station Kit base AUGMENTED"	"2022-06-21T00:35:30Z"	"False"	""
"13104"	"Sci-fi Holographic Screens / Low Poly"	"2015-04-09T19:38:42Z"	"False"	""
"19403"	"Sci-Fi Level Construction Kit 2"	"2020-06-11T17:30:51Z"	"False"	""
"12253"	"Sci-fi Level Kit"	"2015-04-09T19:38:42Z"	"False"	""
"104933"	"Sci-fi Portal And Machines Pack"	"2020-06-11T17:30:52Z"	"False"	""
"164287"	"Sci-Fi Shader Pack"	"2022-06-21T00:35:30Z"	"False"	""
"154257"	"Sci-Fi Sound Pack"	"2020-06-11T17:30:50Z"	"False"	""
"89624"	"SciFi Space Base"	"2023-01-21T20:07:26Z"	"False"	""
"112002"	"Sci-Fi Turret Constructor"	"2023-01-21T20:07:23Z"	"False"	""
"27055"	"Sci-Fi UGUI Pack"	"2015-04-09T19:38:42Z"	"False"	""
"91983"	"Sci-Fi VFX"	"2020-06-11T17:30:51Z"	"False"	""
"68367"	"Sci-fi Weapons Arsenal"	"2021-09-17T15:26:19Z"	"False"	""
"79580"	"Scratch Card v1"	"2022-06-21T00:35:30Z"	"False"	""
"202138"	"Script Editor: VS / VS Code + Rider support"	"2025-04-10T15:53:19Z"	"False"	""
"3535"	"Script Inspector 3"	"2022-09-14T18:03:47Z"	"False"	""
"186463"	"Script Wizard Anim Set"	"2022-04-22T02:48:36Z"	"False"	""
"131520"	"ScriptableObject-Architecture"	"2025-04-11T13:27:44Z"	"False"	""
"17324"	"SE Natural Bloom & Dirty Lens"	"2015-06-10T11:28:01Z"	"False"	""
"161366"	"Seamless Texture Generator"	"2022-09-10T00:32:26Z"	"False"	""
"15356"	"SECTR COMPLETE"	"2015-05-27T19:24:24Z"	"False"	""
"144433"	"SECTR World Streaming for Unity 6"	"2025-05-05T21:52:15Z"	"False"	""
"193955"	"See-through Shader"	"2022-10-24T16:05:33Z"	"False"	""
"24707"	"See-Through System"	"2015-06-08T16:07:06Z"	"False"	""
"88036"	"Sensor Toolkit"	"2021-09-17T15:26:19Z"	"False"	""
"205336"	"SensorToolkit 2"	"2023-01-21T20:07:29Z"	"False"	""
"184643"	"SFX Bundle Collection"	"2022-04-02T23:06:32Z"	"False"	""
"5145"	"Shader Replacement"	"2013-04-02T00:24:06Z"	"False"	""
"183649"	"Shapeforms Audio Free Sound Effects"	"2022-03-28T03:49:51Z"	"False"	""
"173167"	"Shapes"	"2022-04-17T04:10:14Z"	"False"	""
"157943"	"Shift - Complete Sci-Fi UI"	"2022-03-27T04:06:10Z"	"False"	""
"207966"	"Shiny Items VFX for URP"	"2023-01-21T20:07:26Z"	"False"	""
"62603"	"Shooting Range Interiors"	"2021-09-17T15:26:19Z"	"False"	""
"3903"	"Shuriken Magic Effect Pack"	"2013-11-17T02:38:50Z"	"False"	""
"243624"	"Sim-Cade Vehicle Physics"	"2023-12-08T20:16:39Z"	"False"	""
"220754"	"Simple Activations"	"2022-12-31T04:57:48Z"	"False"	""
"37604"	"Simple Airport - Cartoon Assets"	"2019-12-18T15:32:46Z"	"False"	""
"44678"	"Simple Apocalypse - Cartoon Assets"	"2019-12-18T15:32:46Z"	"False"	""
"38419"	"Simple Apocalypse Interiors - Cartoon Assets"	"2019-12-18T15:32:46Z"	"False"	""
"32906"	"Simple Fantasy - Cartoon Assets"	"2019-12-18T15:32:46Z"	"False"	""
"34497"	"Simple Military - Cartoon War"	"2019-12-18T15:32:46Z"	"False"	""
"38028"	"Simple Office Interiors - Cartoon assets"	"2019-12-18T15:32:46Z"	"False"	""
"3045"	"Simple Particle Pack"	"2013-12-23T23:51:36Z"	"False"	""
"37490"	"Simple Racer - Cartoon Assets"	"2019-12-18T15:32:46Z"	"False"	""
"7275"	"Simple Torch"	"2018-08-11T02:01:39Z"	"False"	""
"43500"	"Simple Town - Cartoon Assets"	"2019-12-18T15:32:46Z"	"False"	""
"30659"	"Skeleton - PBR - Animated - Low Poly"	"2023-01-16T22:01:22Z"	"False"	""
"217504"	"Skeleton Animations FREE"	"2022-04-20T18:05:55Z"	"False"	""
"1818"	"Skeletons Pack"	"2012-04-22T19:37:40Z"	"False"	""
"221125"	"Skill & Attack Indicators"	"2023-01-21T20:07:31Z"	"False"	""
"238713"	"SkinnedMesh Combiner"	"2023-01-22T19:42:19Z"	"False"	""
"56558"	"Slate Cinematic Sequencer"	"2022-03-27T04:06:10Z"	"False"	""
"222394"	"Sleep Anim Pack"	"2022-12-31T04:57:48Z"	"False"	""
"236566"	"Smart Console"	"2023-01-12T18:34:13Z"	"False"	""
"248930"	"Smart GameObjects"	"2023-12-08T20:16:39Z"	"False"	""
"200724"	"Smart Library - Asset Manager"	"2022-03-27T18:24:31Z"	"False"	""
"112535"	"Smart Lighting 2D"	"2022-09-14T18:03:47Z"	"False"	""
"206777"	"SmartBuilder"	"2024-07-23T22:17:18Z"	"False"	""
"299042"	"SmartTools - Work Smarter, Not Harder."	"2025-02-18T20:12:47Z"	"False"	""
"96925"	"Smooth Sync"	"2023-01-21T20:07:32Z"	"False"	""
"6343"	"Snowify"	"2015-12-24T14:58:44Z"	"False"	""
"122"	"Soldier Character Pack"	"2012-04-22T19:33:27Z"	"False"	""
"577"	"Soldiers Pack"	"2012-04-22T19:38:15Z"	"False"	""
"312038"	"Sound Shapes : Dynamic Audio Areas"	"2025-04-10T01:54:39Z"	"False"	""
"124578"	"Space Graphics Planets"	"2022-03-27T04:06:10Z"	"False"	""
"4160"	"Space Graphics Toolkit"	"2014-03-25T11:35:26Z"	"False"	""
"1807"	"Space Ship Shooter"	"2012-04-22T19:46:24Z"	"False"	""
"8922"	"SpaceGen - Seamless Space Backdrop Generator"	"2015-04-09T19:38:42Z"	"False"	""
"69023"	"Sparkle FX"	"2024-09-05T14:44:41Z"	"False"	""
"187171"	"Speech Recognition System"	"2025-07-02T13:44:38Z"	"False"	""
"72625"	"Speech Recognition using Google Cloud [VR\AR\Mobile\Desktop] Pro"	"2022-06-21T00:35:30Z"	"False"	""
"141539"	"Spells Pack"	"2022-04-19T03:01:02Z"	"False"	""
"128322"	"Spinal Animator"	"2022-04-16T03:41:22Z"	"False"	""
"122677"	"Spline Mesh Deform"	"2022-10-24T16:05:35Z"	"False"	""
"158988"	"Sprite Shaders Ultimate"	"2023-01-21T20:07:24Z"	"False"	""
"50559"	"Square Ville Four Seasons"	"2015-12-30T14:40:53Z"	"False"	""
"32351"	"Standard Assets 2018.4 | Check out Starter Assets: First Person & Third Person"	"2018-09-24T00:53:41Z"	"False"	""
"196525"	"Starter Assets - FirstPerson | URP"	"2022-03-27T23:52:08Z"	"False"	""
"196526"	"Starter Assets - ThirdPerson | URP"	"2022-03-27T18:26:43Z"	"False"	""
"215995"	"Stealth Finishers - Knife and Hand"	"2022-12-31T04:57:44Z"	"False"	""
"190316"	"Steam API - Steamworks Complete V2"	"2022-04-26T04:57:20Z"	"False"	""
"19405"	"Steampunk Western Carnival and Saloon"	"2014-10-18T14:23:55Z"	"False"	""
"97715"	"Storyteller"	"2022-09-14T18:03:47Z"	"False"	""
"192660"	"Street Fight Animations"	"2022-03-24T04:55:26Z"	"False"	""
"249931"	"Stylish Archer Assets Pack"	"2024-05-15T16:46:16Z"	"False"	""
"163040"	"Stylized Desert Nature"	"2022-06-21T00:35:29Z"	"False"	""
"284093"	"Stylized Fantasy Dragons Pack"	"2025-02-16T04:56:07Z"	"False"	""
"269978"	"STYLIZED Far East Kingdom"	"2024-05-15T16:46:21Z"	"False"	""
"143830"	"Stylized Grass Shader (for Unity 2021-2023)"	"2022-12-31T01:51:33Z"	"False"	""
"91686"	"Stylized Rocks"	"2022-07-20T19:01:08Z"	"False"	""
"243771"	"Stylized Spark Particles"	"2023-01-22T20:57:25Z"	"False"	""
"256492"	"Stylized Terrain Textures"	"2026-06-01T17:28:05Z"	"False"	""
"178797"	"Stylized Town"	"2022-03-27T04:06:09Z"	"False"	""
"121593"	"Stylized Vehicles Pack - Low Poly"	"2022-06-21T00:35:30Z"	"False"	""
"340466"	"Stylized VFX Bundle"	"2026-06-01T17:28:06Z"	"False"	""
"292968"	"Stylized Village Fatpack"	"2025-12-23T18:25:24Z"	"False"	""
"71207"	"Stylized Water 1"	"2022-05-03T01:54:01Z"	"False"	""
"170386"	"Stylized Water 2"	"2022-04-12T03:47:42Z"	"False"	""
"322287"	"StylizedVFX Buff&Debuff vol.1"	"2025-12-10T21:58:53Z"	"False"	""
"124977"	"Super Multiplayer Shooter Template"	"2021-09-17T15:26:19Z"	"False"	""
"57995"	"Super Text Mesh"	"2024-04-16T23:26:25Z"	"False"	""
"234967"	"SurfaceData: Effects System for Surface Interaction"	"2022-12-26T20:21:16Z"	"False"	""
"220100"	"Survival Animations"	"2022-12-31T04:57:41Z"	"False"	""
"178160"	"Survival Engine - Crafting, Building, Farming"	"2023-12-08T20:16:39Z"	"False"	""
"227374"	"Tactical Hand Signals"	"2022-12-31T04:57:50Z"	"False"	""
"121819"	"Tail Animator"	"2023-12-08T20:16:39Z"	"False"	""
"6"	"Terrain Assets"	"2014-01-25T20:13:37Z"	"False"	""
"238456"	"Terrain Scanner VFX"	"2023-01-14T18:46:53Z"	"False"	""
"139542"	"Terrain Textures Pack Free"	"2022-05-12T22:52:04Z"	"False"	""
"254677"	"Text Animator for Unity (2.X)"	"2025-05-14T14:20:03Z"	"False"	""
"158707"	"Text Animator for Unity [Legacy]"	"2022-04-11T17:33:35Z"	"False"	""
"192227"	"Thalassophobia: Stylized Oceans"	"2022-03-27T04:06:11Z"	"False"	""
"207123"	"The Basilica Cathedral (UModeler X)"	"2022-03-27T04:06:09Z"	"False"	""
"322329"	"The Bazaar (Market)"	"2025-12-23T18:25:24Z"	"False"	""
"75818"	"The Big Castle Kit"	"2021-09-08T14:52:10Z"	"False"	""
"304088"	"THE CARNIVAL"	"2025-12-23T18:25:41Z"	"False"	""
"7208"	"The Combat Collection STARTER"	"2013-07-10T15:45:20Z"	"False"	""
"324429"	"The Complete UI Sound Effects Library"	"2026-06-01T17:28:06Z"	"False"	""
"15896"	"The Fantasy Music Collection (PRO)"	"2014-07-22T13:12:04Z"	"False"	""
"159647"	"The Vegetation Engine"	"2024-01-29T21:48:52Z"	"False"	""
"210347"	"The Vegetation Engine | Polygonal Shaders Module"	"2022-04-08T17:34:08Z"	"False"	""
"178485"	"The Vegetation Engine | Terrain Details Module"	"2024-01-29T21:48:53Z"	"False"	""
"29055"	"TileWorldCreator"	"2015-12-23T16:40:09Z"	"False"	""
"199383"	"TileWorldCreator 3"	"2022-04-18T03:23:48Z"	"False"	""
"303828"	"Time Rewind"	"2025-12-10T21:58:54Z"	"False"	""
"217624"	"Tiny Dragon 3"	"2022-04-08T17:34:08Z"	"False"	""
"223628"	"Titan Rock Generator 2025"	"2022-10-24T16:05:34Z"	"False"	""
"6059"	"TNet: Tasharen Networking"	"2014-02-21T12:41:08Z"	"False"	""
"299310"	"Toolkit for Steamworks 2025 (for Unity 6+)"	"2025-05-06T22:15:51Z"	"False"	""
"281045"	"Toon Adventure Island"	"2026-07-30T22:24:44Z"	"False"	""
"88379"	"Toon City"	"2026-07-30T22:24:44Z"	"False"	""
"163720"	"Toon City People"	"2026-07-30T22:24:44Z"	"False"	""
"163719"	"Toon Desert"	"2026-07-30T22:24:44Z"	"False"	""
"295189"	"Toon Deserted Temples"	"2026-07-30T22:24:44Z"	"False"	""
"248781"	"Toon Effects Maker URP - Anime & Cartoon FX"	"2023-12-08T20:16:39Z"	"False"	""
"309654"	"Toon Enchanted Meadow"	"2026-07-30T22:24:44Z"	"False"	""
"215197"	"Toon Fantasy Nature"	"2022-09-10T00:32:26Z"	"False"	""
"235041"	"Toon Farm Pack"	"2026-07-30T22:24:44Z"	"False"	""
"188250"	"Toon Harbor Pack"	"2022-03-27T04:06:11Z"	"False"	""
"115109"	"Toon Industries"	"2026-07-30T22:24:44Z"	"False"	""
"162380"	"Toon Nature Assets"	"2026-07-30T22:24:44Z"	"False"	""
"86945"	"Toon Planes Pack"	"2026-07-30T22:24:44Z"	"False"	""
"102727"	"Toon Racing"	"2026-07-30T22:24:44Z"	"False"	""
"198146"	"Toon Suburban Pack"	"2025-07-02T13:44:38Z"	"False"	""
"85104"	"Toon Vehicles"	"2026-07-30T22:24:44Z"	"False"	""
"361638"	"ToonScapes: Spring Isles"	"2026-06-01T17:28:05Z"	"False"	""
"135258"	"Toony Tiny RTS Set"	"2025-07-04T01:43:45Z"	"False"	""
"191455"	"Top Down Effects"	"2022-04-12T03:46:36Z"	"False"	""
"89636"	"TopDown Engine"	"2022-09-14T18:03:47Z"	"False"	""
"18938"	"Top-Down Sci-Fi"	"2015-04-08T11:34:52Z"	"False"	""
"89126"	"Total Music Collection"	"2022-09-10T00:32:26Z"	"False"	""
"11459"	"Track BuildR Procedural Race Circuit Generator"	"2014-02-12T12:49:32Z"	"False"	""
"138534"	"Train Controller (Railroad System) ULTIMATE COLLECTION"	"2022-09-14T18:03:47Z"	"False"	""
"78464"	"Translucent Image - Fast UI Background Blur"	"2020-06-11T17:30:52Z"	"False"	""
"205220"	"True Shadow - UI Soft Shadow and Glow"	"2022-09-14T18:03:47Z"	"False"	""
"138465"	"Turn Based ToolKit 3 (TBTK-3)"	"2023-12-08T20:16:39Z"	"False"	""
"248269"	"uAI - AI Assistant"	"2023-12-08T20:16:39Z"	"False"	""
"314259"	"UDebug Panel - Ingame Debug Tools"	"2025-12-10T21:58:44Z"	"False"	""
"2943"	"UFPS : Ultimate FPS"	"2018-09-05T15:20:07Z"	"False"	""
"106748"	"UFPS: Ultimate FPS (legacy)"	"2021-09-17T15:26:19Z"	"False"	""
"133992"	"UI Gradient"	"2023-12-08T20:16:39Z"	"False"	""
"262163"	"UI Toolkit Bundle 1"	"2024-12-10T14:46:24Z"	"False"	""
"260966"	"Ultimate Chat Box"	"2025-02-18T20:12:49Z"	"False"	""
"203965"	"Ultimate Crafting System"	"2022-10-24T16:05:25Z"	"False"	""
"37351"	"Ultimate Game Music Collection"	"2018-09-05T15:20:49Z"	"False"	""
"235063"	"Ultimate Outlines & Highlights"	"2023-01-22T20:57:24Z"	"False"	""
"322974"	"Ultimate Preview Window – Pro Edition"	"2025-12-10T21:58:42Z"	"False"	""
"240754"	"Ultimate Scifi Doors System"	"2023-01-22T20:57:25Z"	"False"	""
"200453"	"Ultimate SFX & Music Bundle - Everything Bundle"	"2022-04-11T17:33:49Z"	"False"	""
"151756"	"Ultimate Sound FX Bundle"	"2022-09-10T00:32:26Z"	"False"	""
"217762"	"Ultimate Traversal Anims"	"2022-06-02T17:14:54Z"	"False"	""
"26701"	"Ultimate VFX"	"2022-04-25T22:25:09Z"	"False"	""
"203286"	"UMA for RPG Builder"	"2022-07-20T19:01:19Z"	"False"	""
"282485"	"Umbra Soft Shadows - Better Directional & Contact Shadows for URP"	"2025-02-16T04:56:07Z"	"False"	""
"51212"	"uMMORPG"	"2018-09-05T15:30:59Z"	"False"	""
"159401"	"uMMORPG Remastered - MMORPG Engine"	"2021-09-08T14:52:10Z"	"False"	""
"95991"	"UMotion Pro - Animation Editor"	"2020-01-02T16:21:22Z"	"False"	""
"189573"	"Undead Animations"	"2022-03-24T01:59:54Z"	"False"	""
"61157"	"Underwater FX"	"2022-09-10T00:32:26Z"	"False"	""
"9733"	"UniMerge"	"2014-02-03T23:57:50Z"	"False"	""
"132947"	"Unique AoE Magic Abilities Vol. 1"	"2022-07-20T19:01:09Z"	"False"	""
"124214"	"Unique Projectiles Vol. 1"	"2022-07-20T19:01:16Z"	"False"	""
"2714"	"UniStorm - Volumetric Clouds, Sky, Modular Weather, and Cloud Shadows"	"2022-09-14T18:03:47Z"	"False"	""
"115747"	"Unity Learn | 3D Game Kit"	"2018-08-26T22:40:51Z"	"False"	""
"391"	"Unity Lua Interface Library"	"2013-03-26T23:00:19Z"	"False"	""
"287786"	"Universal Audio Bundle"	"2025-03-24T18:55:57Z"	"False"	""
"17256"	"Universal Sound FX"	"2018-09-05T15:31:19Z"	"False"	""
"218017"	"Unlimited Music Bundle: Vol. 1"	"2025-03-24T19:00:06Z"	"False"	""
"218367"	"Unlimited Music Bundle: Vol. 4"	"2024-04-16T23:26:26Z"	"False"	""
"227758"	"Unlimited Music Bundle: Vol. 8"	"2024-07-21T17:25:36Z"	"False"	""
"101176"	"uNode - Visual Scripting"	"2023-12-08T20:16:39Z"	"False"	""
"169744"	"UPGEN Lighting HDRP"	"2022-06-21T00:35:30Z"	"False"	""
"243562"	"UPixelator - Pixelize 3d Scenes"	"2024-04-16T23:26:29Z"	"False"	""
"3666"	"uSequencer Cutscene and Cinematic creator"	"2013-11-23T15:04:34Z"	"False"	""
"294033"	"UV Editor & Texture Editor"	"2025-12-10T21:58:46Z"	"False"	""
"227375"	"Vampire Boss Set"	"2022-12-31T04:57:45Z"	"False"	""
"24747"	"vBug: Next-Gen Visual Debugging & Testing toolkit"	"2015-07-24T11:42:58Z"	"False"	""
"82"	"Vectrosity"	"2014-02-16T21:56:06Z"	"False"	""
"131835"	"Vegetation Studio Pro"	"2022-04-25T21:46:37Z"	"False"	""
"221875"	"Vendors and Customers"	"2022-12-31T04:57:43Z"	"False"	""
"96826"	"Very Animation"	"2022-09-14T18:03:47Z"	"False"	""
"263643"	"vFavorites 2"	"2024-12-28T20:23:39Z"	"False"	""
"255470"	"vFolders 2"	"2024-12-28T20:21:13Z"	"False"	""
"253397"	"vHierarchy 2"	"2025-07-10T15:51:25Z"	"False"	""
"251320"	"vHierarchy 2.0"	"2024-02-20T23:20:09Z"	"False"	""
"252297"	"vInspector 2"	"2024-07-27T19:16:56Z"	"False"	""
"305050"	"Visual Console | Nestable horizontal debug logs"	"2025-12-10T21:58:54Z"	"False"	""
"300643"	"VolFx - VFX Toolkit (Post Processing, Shaders, Timeline Tools)"	"2025-07-02T13:44:38Z"	"False"	""
"173863"	"Volumetric Blood Fluids"	"2026-06-01T17:28:09Z"	"False"	""
"162694"	"Volumetric Fog & Mist 2"	"2022-04-11T17:33:32Z"	"False"	""
"234539"	"Volumetric Lights 2"	"2022-11-23T17:13:00Z"	"False"	""
"162883"	"Voxelica - Voxel Engine"	"2022-10-24T16:05:32Z"	"False"	""
"249760"	"vRuler"	"2025-07-10T15:48:22Z"	"False"	""
"253396"	"vTabs 2"	"2024-12-28T20:20:23Z"	"False"	""
"190683"	"Warrior Pack Super Bundle"	"2022-04-18T03:08:41Z"	"False"	""
"189575"	"Warrior's Animations"	"2022-03-24T04:55:26Z"	"False"	""
"201181"	"Water Shader (URP & LWRP)"	"2022-03-27T04:06:09Z"	"False"	""
"60955"	"Weather Maker - Volumetric Clouds and Weather System for Unity"	"2022-03-27T04:06:10Z"	"False"	""
"275622"	"Weatherade: Snow and Rain System"	"2025-07-29T15:51:36Z"	"False"	""
"74512"	"Wheel Controller 3D"	"2022-10-24T16:05:18Z"	"False"	""
"226487"	"Whiskey Structure Builder"	"2022-10-24T16:05:14Z"	"False"	""
"16274"	"Wild West"	"2014-10-15T19:53:02Z"	"False"	""
"10526"	"Wild west environment"	"2014-10-15T19:53:02Z"	"False"	""
"263560"	"Will's Room Environment, Dormitory Room Environment"	"2024-05-15T16:46:07Z"	"False"	""
"303181"	"Wingman - Your Inspector’s Best Friend"	"2025-12-10T21:58:56Z"	"False"	""
"142750"	"Winter Environment - Nature Pack"	"2024-05-15T16:46:22Z"	"False"	""
"181386"	"Wireframe Shader (All In One)"	"2025-07-02T13:44:38Z"	"False"	""
"211348"	"Wyrms"	"2023-01-21T20:07:23Z"	"False"	""
"77387"	"YuME Free"	"2025-07-30T19:19:14Z"	"False"	""
"119"	"Zombie Character Pack"	"2012-04-22T19:35:06Z"	"False"	""
"47059"	"ZOMBIE PRO: MoCap Animation Pack"	"2022-03-27T04:06:11Z"	"False"	""
"19352"	"Zones, Fields, and Shields"	"2015-03-05T12:16:05Z"	"False"	""
"365"	"zz Ruler"	"2013-09-17T22:54:30Z"	"False"	""
